Comando,NomeCat,IDProduto,CodProd,NomeProd,Peso,Descricao,DescrLonga,DescrURL,URLTarget,Estoque,EstoqueMinimo,Disponivel,ICMS,Custo,Preco,PrecoProm,PrecoB2B,PrecoB2BProm,DataPromInicio,DataPromFim,Lancamento,EmDestaque,ImagemProd,ImagemDet,ImagemAmp,Adicional1,Adicional2,Adicional3,AdicionalD1,AdicionalD2,AdicionalD3,Cores,OrdemProd,IDProdutoPai,RamoProd,MaisProd,DataVencimento,DiasAvisoVencimento,DiasReposicao,IDParceiroProd,DescrHTM,MetaKeywordsProd,MaxParcelasProd,XMLParcelasProd,CodBarrasProd,Embalavel,IsProdutoGrande,LarguraProd,AlturaProd,ProfundidadeProd,CodVideo,ProdMPN,TitleProd,URLProd,VendaConjunta,MetaDescriptionProd,IDsFiltroItem
"A","Carne Suína",6050513,"LC25300R","",300,"","","",False,1,0,True,0,0,17.5,0,0,0,,,False,False,"semfoto.png","","","157623","87131","","","","","",0,6050512,,"",,,0,,"","",1,0,,True,False,0,0,0,"","","","lombo-barbecue-55387515","","",""
"A","Carne Suína",6050514,"LC25300S","",300,"","","",False,1,0,True,0,0,17.5,0,0,0,,,False,False,"semfoto.png","","","157624","87131","","","","","",0,6050512,,"",,,0,,"","",1,0,,True,False,0,0,0,"","","","lombo-barbecue-29732913","","",""
"A","Carne Suína",6050515,"LC25400R","",400,"","","",False,1,0,True,0,0,19.5,0,0,0,,,False,False,"semfoto.png","","","157623","87132","","","","","",0,6050512,,"",,,0,,"","",1,0,,True,False,0,0,0,"","","","lombo-barbecue-51758975","","",""
"A","Carne Suína",6050516,"LC25400S","",400,"","","",False,1,0,True,0,0,19.5,0,0,0,,,False,False,"semfoto.png","","","157624","87132","","","","","",0,6050512,,"",,,0,,"","",1,0,,True,False,0,0,0,"","","","lombo-barbecue-85752505","","",""
"A","Carne Suína",6050518,"LC26300R","",300,"","","",False,1,0,True,0,0,17.5,0,0,0,,,False,False,"semfoto.png","","","157623","87131","","","","","",0,6050517,,"",,,0,,"","",1,0,,True,False,0,0,0,"","","","lombo-teriaky-53564090","","",""
"A","Carne Suína",6050519,"LC26300S","",300,"","","",False,1,0,True,0,0,17.5,0,0,0,,,False,False,"semfoto.png","","","157624","87131","","","","","",0,6050517,,"",,,0,,"","",1,0,,True,False,0,0,0,"","","","lombo-teriaky-45258731","","",""
"A","Carne Suína",6050520,"LC26400R","",400,"","","",False,1,0,True,0,0,19.5,0,0,0,,,False,False,"semfoto.png","","","157623","87132","","","","","",0,6050517,,"",,,0,,"","",1,0,,True,False,0,0,0,"","","","lombo-teriaky-6939334","","",""
"A","Carne Suína",6050521,"LC26400S","",400,"","","",False,1,0,True,0,0,19.5,0,0,0,,,False,False,"semfoto.png","","","157624","87132","","","","","",0,6050517,,"",,,0,,"","",1,0,,True,False,0,0,0,"","","","lombo-teriaky-13235110","","",""
"A","Carne Suína",6050523,"LC27300R","",300,"","","",False,1,0,True,0,0,17.5,0,0,0,,,False,False,"semfoto.png","","","157623","87131","","","","","",0,6050522,,"",,,0,,"","",1,0,,True,False,0,0,0,"","","","lombo-medalhao-28583926","","",""
"A","Carne Suína",6050524,"LC27300S","",300,"","","",False,1,0,True,0,0,17.5,0,0,0,,,False,False,"semfoto.png","","","157624","87131","","","","","",0,6050522,,"",,,0,,"","",1,0,,True,False,0,0,0,"","","","lombo-medalhao-13888187","","",""
"A","Carne Suína",6050525,"LC27400R","",400,"","","",False,1,0,True,0,0,19.5,0,0,0,,,False,False,"semfoto.png","","","157623","87132","","","","","",0,6050522,,"",,,0,,"","",1,0,,True,False,0,0,0,"","","","lombo-medalhao-3286380","","",""
"A","Carne Suína",6050526,"LC27400S","",400,"","","",False,1,0,True,0,0,19.5,0,0,0,,,False,False,"semfoto.png","","","157624","87132","","","","","",0,6050522,,"",,,0,,"","",1,0,,True,False,0,0,0,"","","","lombo-medalhao-69242495","","",""
"A","Carne Suína",6050512,"LC25","Lombo Barbecue",0,"Lombo assado coberto com molho barbecue, cebola e abacaxi assados","A carne magra do lombo suíno é previamente marinada e fica tenra e macia ao ser assada e coberta com molho barbecue caseiro, que deixa o toque defumado nesta carne neutra. Para combinar, um toque neutro de cebolas assadas na própria casca e abacaxi adocicado assado com canela.","",False,1,0,False,0,0,17.5,0,0,0,,,True,True,"semfoto.png","","","","","","","","","",0,,,"Carne Suína",,,0,,"","",1,0,,True,False,0,0,0,"","QI","","lombo-barbecue-96336001","","","107252,103242,103244,103243"
"A","Carne Suína",6050522,"LC27","Lombo Medalhão",0,"Medalhões de lombo com bacon assado e farofa de couve flor, quinoa, brócolis e cenoura","Nesta preparação o lombo suíno temperado é envolto com bacon. Os medalhões assados acompanham farofa de couve flor, quinoa, brócolis e cenoura, temperadas com salsinha e cebolinha desidratada.","",False,1,0,False,0,0,17.5,0,0,0,,,False,False,"semfoto.png","","","","","","","","","",0,,,"Carne Suína",,,0,,"","",1,0,,True,False,0,0,0,"","QI","","lombo-medalhao-36695498","","","107252,103242,103244,103243"
"A","Carne Suína",6050517,"LC26","Lombo Teriaky",0,"Lombo assado com molho teriaky com chuchu e cenoura no molho branco","A carne neutra do lombo assado fica perfeita quando acompanhada de um toque agridoce de molho teriaky caseiro. Para acompanhar, chuchu e cenoura com uma pitada de pimenta do reino envoltos no molho branco de queijo.","",False,1,0,False,0,0,17.5,0,0,0,,,False,False,"semfoto.png","","","","","","","","","",0,,,"Carne Suína",,,0,,"","",1,0,,True,False,0,0,0,"","QI","","lombo-teriaky-98534792","","","107252,103242,103244,103243"
"A","Carne Vermelha",6031425,"LC02400S","",400,"","","",False,1,0,True,0,0,21,0,0,0,,,False,False,"","","","157624","87132","","","","","",0,6031413,,"",,0,0,,"","",1,0,,True,False,0,0,0,"","","","bife-a-role-74587649","","","103238,103242,103244,103243"
"A","Carne Vermelha",6031512,"LC02300S","",300,"","","",False,1,0,True,0,0,18.5,0,0,0,,,False,False,"","","","157624","87131","","","","","",0,6031413,,"",,,0,,"","",1,0,,True,False,0,0,0,"","","","bife-a-role-7740421","","","103238,103242,103244,103243"
"A","Carne Vermelha",6031513,"LC01300S","",300,"","","",False,1,0,True,0,0,18.5,0,0,0,,,False,False,"","","","157624","87131","","","","","",0,6031252,,"",,,0,,"","",1,0,,True,False,0,0,0,"","","","picadinho-21845645","","","103238,103242,103244,103243"
"A","Carne Vermelha",6031643,"LC01300R","",300,"","","",False,1,0,True,0,0,18.5,0,0,0,,,False,False,"","","","157623","87131","","","","","",0,6031252,,"",,,0,,"","",1,0,,True,False,0,0,0,"","","","picadinho-25594729","","","103238,103242,103244,103243"
"A","Carne Vermelha",6031644,"LC01400R","",400,"","","",False,1,0,True,0,0,21,0,0,0,,,False,False,"","","","157623","87132","","","","","",0,6031252,,"",,,0,,"","",1,0,,True,False,0,0,0,"","","","picadinho-68108767","","","103238,103242,103244,103243"
"A","Carne Vermelha",6031645,"LC02300R","",300,"","","",False,1,0,True,0,0,18.5,0,0,0,,,False,False,"","","","157623","87131","","","","","",0,6031413,,"",,,0,,"","",1,0,,True,False,0,0,0,"","","","bife-a-role-7281131","","","103238,103242,103244,103243"
"A","Carne Vermelha",6031646,"LC02400R","",400,"","","",False,1,0,True,0,0,21,0,0,0,,,False,False,"","","","157623","87132","","","","","",0,6031413,,"",,,0,,"","",1,0,,True,False,0,0,0,"","","","bife-a-role-32885379","","","103238,103242,103244,103243"
"A","Carne Vermelha",6031253,"LC01400S","",400,"","","",False,1,0,True,0,0,21,0,0,0,,,False,False,"","","","157624","87132","","","","","",0,6031252,,"",,0,0,,"","",1,0,,True,False,0,0,0,"","","","picadinho-57961672","","","103238,103242,103244,103243"
"A","Carne Vermelha",6031648,"LC03300R","",300,"","","",False,1,0,True,0,0,18,0,0,0,,,False,False,"","","","157623","87131","","","","","",0,6031647,,"",,,0,,"","",1,0,,True,False,0,0,0,"","","","almondegas-26968020","","","103238,103242,103244"
"A","Carne Vermelha",6031649,"LC03300S","",300,"","","",False,1,0,True,0,0,18,0,0,0,,,False,False,"","","","157624","87131","","","","","",0,6031647,,"",,,0,,"","",1,0,,True,False,0,0,0,"","","","almondegas-92472475","","","103238,103242,103244"
"A","Carne Vermelha",6031650,"LC03400R","",400,"","","",False,1,0,True,0,0,20,0,0,0,,,False,False,"","","","157623","87132","","","","","",0,6031647,,"",,,0,,"","",1,0,,True,False,0,0,0,"","","","almondegas-21485538","","","103238,103242,103244"
"A","Carne Vermelha",6031651,"LC03400S","",400,"","","",False,1,0,True,0,0,20,0,0,0,,,False,False,"","","","157624","87132","","","","","",0,6031647,,"",,,0,,"","",1,0,,True,False,0,0,0,"","","","almondegas-61663455","","","103238,103242,103244"
"A","Carne Vermelha",6031655,"LC04300R","",300,"","","",False,1,0,True,0,0,18,0,0,0,,,False,False,"","","","157623","87131","","","","","",0,6031654,,"",,,0,,"","",1,0,,True,False,0,0,0,"","","","carne-de-panela-50451297","","","103238,103242,103244,103243"
"A","Carne Vermelha",6031656,"LC04300S","",300,"","","",False,1,0,True,0,0,18,0,0,0,,,False,False,"","","","157624","87131","","","","","",0,6031654,,"",,,0,,"","",1,0,,True,False,0,0,0,"","","","carne-de-panela-79923647","","","103238,103242,103244,103243"
"A","Carne Vermelha",6031657,"LC04400R","",400,"","","",False,1,0,True,0,0,20,0,0,0,,,False,False,"","","","157623","87132","","","","","",0,6031654,,"",,,0,,"","",1,0,,True,False,0,0,0,"","","","carne-de-panela-80382937","","","103238,103242,103244,103243"
"A","Carne Vermelha",6031659,"LC04400S","",400,"","","",False,1,0,True,0,0,20,0,0,0,,,False,False,"","","","157624","87132","","","","","",0,6031654,,"",,,0,,"","",1,0,,True,False,0,0,0,"","","","carne-de-panela-31832522","","","103238,103242,103244,103243"
"A","Carne Vermelha",6031664,"LC05300R","",300,"","","",False,1,0,True,0,0,18,0,0,0,,,False,False,"","","","157623","87131","","","","","",0,6031663,,"",,,0,,"","",1,0,,True,False,0,0,0,"","","","cozido-de-carne-46093386","","","103238,103242,103244,103243"
"A","Carne Vermelha",6031665,"LC05300S","",300,"","","",False,1,0,True,0,0,18,0,0,0,,,False,False,"","","","157624","87131","","","","","",0,6031663,,"",,,0,,"","",1,0,,True,False,0,0,0,"","","","cozido-de-carne-21531314","","","103238,103242,103244,103243"
"A","Carne Vermelha",6031667,"LC05400R","",400,"","","",False,1,0,True,0,0,20,0,0,0,,,False,False,"","","","157623","87132","","","","","",0,6031663,,"",,,0,,"","",1,0,,True,False,0,0,0,"","","","cozido-de-carne-95283144","","","103238,103242,103244,103243"
"A","Carne Vermelha",6031668,"LC05400S","",400,"","","",False,1,0,True,0,0,20,0,0,0,,,False,False,"","","","157624","87132","","","","","",0,6031663,,"",,,0,,"","",1,0,,True,False,0,0,0,"","","","cozido-de-carne-63285464","","","103238,103242,103244,103243"
"A","Carne Vermelha",6031673,"LC06300R","",300,"","","",False,1,0,True,0,0,17.5,0,0,0,,,False,False,"","","","157623","87131","","","","","",0,6031671,,"",,,0,,"","",1,0,,True,False,0,0,0,"","","","lasanha-de-abobrinha-e-carne-38312930","","","103238,103242,103244"
"A","Carne Vermelha",6031674,"LC06300S","",300,"","","",False,1,0,True,0,0,17.5,0,0,0,,,False,False,"","","","157624","87131","","","","","",0,6031671,,"",,,0,,"","",1,0,,True,False,0,0,0,"","","","lasanha-de-abobrinha-e-carne-66134280","","","103238,103242,103244"
"A","Carne Vermelha",6031675,"LC06400R","",400,"","","",False,1,0,True,0,0,19.5,0,0,0,,,False,False,"","","","157623","87132","","","","","",0,6031671,,"",,,0,,"","",1,0,,True,False,0,0,0,"","","","lasanha-de-abobrinha-e-carne-5006046","","","103238,103242,103244"
"A","Carne Vermelha",6031676,"LC06400S","",400,"","","",False,1,0,True,0,0,19.5,0,0,0,,,False,False,"","","","157624","87132","","","","","",0,6031671,,"",,,0,,"","",1,0,,True,False,0,0,0,"","","","lasanha-de-abobrinha-e-carne-42142886","","","103238,103242,103244"
"A","Carne Vermelha",6031678,"LC07300R","",300,"","","",False,1,0,True,0,0,17.5,0,0,0,,,False,False,"","","","157623","87131","","","","","",0,6031677,,"",,,0,,"","",1,0,,True,False,0,0,0,"","","","panqueca-de-carne-46818179","","","103238,103242,103244"
"A","Carne Vermelha",6031679,"LC07300S","",300,"","","",False,1,0,True,0,0,17.5,0,0,0,,,False,False,"","","","157624","87131","","","","","",0,6031677,,"",,,0,,"","",1,0,,True,False,0,0,0,"","","","panqueca-de-carne-32336062","","","103238,103242,103244"
"A","Carne Vermelha",6031680,"LC07400R","",400,"","","",False,1,0,True,0,0,19.5,0,0,0,,,False,False,"","","","157623","87132","","","","","",0,6031677,,"",,,0,,"","",1,0,,True,False,0,0,0,"","","","panqueca-de-carne-41608828","","","103238,103242,103244"
"A","Carne Vermelha",6031681,"LC07400S","",400,"","","",False,1,0,True,0,0,19.5,0,0,0,,,False,False,"","","","157624","87132","","","","","",0,6031677,,"",,,0,,"","",1,0,,True,False,0,0,0,"","","","panqueca-de-carne-58344668","","","103238,103242,103244"
"A","Carne Vermelha",6031647,"LC03","Almôndegas",300,"Mini almôndegas com molho de tomate, couve refogada e torre de berinjela","Nossas almôndegas são feitas com carne magra triturada e temperada com alho, pimenta, salsinha e cebolinha. Depois de levemente assada, acaba de ser cozida no molho de tomate com biomassa. Acompanhada de couve em tirinhas refogadas com alho e torre de berinjela feita com finas rodelas de berinjela, tomate e finalizada com queijo mussarella.","",False,1,0,True,0,0,18,0,0,0,,,True,False,"MiniAlmondegasP.jpg","MiniAlmondegasM.jpg","MiniAlmondegasG.jpg","","","","","","","",0,,,"Carne Vermelha",,,0,,"","",1,0,,True,False,0,0,0,"","QI","","almondegas-53005618","","",""
"A","Carne Vermelha",6031413,"LC02","Bife à Rolê",300,"Bife à rolê com purê de abóbora e vagem picada","Este prato é feito com carne vermelha magra e fica marinando em temperos de um dia para o outro. Os pequenos bifes são recheados com cenoura e brócolis e cozidos lentamente no próprio caldo até ficarem macios. Para acompanhar um purê de abóbora perfumado com noz moscada e vagem no vapor com molho de tomate feito de puro tomate e acrescido de biomassa de banana verde.","",False,1,0,True,0,0,18.5,0,0,0,,,False,True,"BifeRoleP.jpg","BifeRoleM.jpg","BifeRoleG.jpg","","","","","","","",0,,,"Carne Vermelha",,0,0,,"","",1,0,,True,False,0,0,0,"","QI","","bife-a-role-20849246","","","103238,103242,103244,103243"
"A","Carne Vermelha",6031654,"LC04","Carne de Panela",0,"Carne de panlea com purê de abóbora e brócolis no vapor.","Este prato é feito com carne vermelha magra e fica marinando em temperos de um dia para o outro. Os pedaços grandes de carne são lentamente cozidos no próprio caldo até ficarem macios, aí recebem molho de tomate com biomassa e páprika picante. Para acompanhar, purê de abóbora com cúrcuma e brócolis no vapor com alho. A lembrança de uma boa carne de panela com um toque picante.","",False,1,0,True,0,0,18,0,0,0,,,True,False,"CarnedePanelaP.jpg","CarnedePanelaM.jpg","CarnedePanelaG.jpg","","","","","","","",0,,,"Carne Vermelha",,,0,,"","",1,0,,True,False,0,0,0,"","QI","","carne-de-panela-52393740","","",""
"A","Carne Vermelha",6031663,"LC05","Cozido de Carne",0,"Cozido de carne com repolho, abóbora e tomate, temperado com pimenta biquinho e curry","Este prato é feito com carne vermelha magra e fica marinando em temperos de um dia para o outro. Os pequenos pedaços de carne são lentamente cozidos até ficarem macios. Neste momento o repolho, a abóbora e o tomate são acrescentados e cozidos  no próprio caldo da carne, finalizados com curry e pimenta de bico, deixando o prato com um sabor exótico e estimulante.  Perfeito para dias mais frios, acrescentando um pouco de água se transforma numa sopinha acolhedora.","",False,1,0,True,0,0,18,0,0,0,,,False,True,"CozidodeCarneP.jpg","CozidodeCarneM.jpg","CozidodeCarneG.jpg","","","","","","","",0,,,"Carne Vermelha",,,0,,"","",1,0,,True,False,0,0,0,"","QI","","cozido-de-carne-78957766","","",""
"A","Carne Vermelha",6031671,"LC06","Lasanha de Abobrinha e Carne",0,"Lasanha de abobrinha grelhada com carne desfiada e molho branco e queijo mussarella","Este prato é elaborado com finas fatias de abobrinha e tomate grelhadas, intercaladas com carne desfiada, queijo mussarella e molho branco, sendo finalizado com um toque de orégano. Uma forma incrível de matar aquela vontade de comer lasanha!","",False,1,0,True,0,0,17.5,0,0,0,,,False,True,"LasanhaAbobrinhaP.jpg","LasanhaAbobrinhaM.jpg","LasanhaAbobrinhaG.jpg","","","","","","","",0,,,"Carne Vermelha",,,0,,"","",1,0,,True,False,0,0,0,"","QI","","lasanha-de-abobrinha-e-carne-85592287","","",""
"A","Carne Vermelha",6031677,"LC07","Panqueca de Carne",0,"Panqueca de carne desfiada com cenoura, cebola e gergelim ao molho de tomate e queijo mussarella","A massa da panqueca é low carb, feita com o mínimo de goma de tapioca e ovos, e fica extremamente leve. No recheio carne desfiada, cenoura e cebola com um pouco de molho de tomate. Para finalizar, molho de tomate, queijo mussarella, gergelim e manjericão. Massa leve e fininha, com muito recheio.","",False,1,0,True,0,0,17.5,0,0,0,,,True,False,"PanquecaCarneP.jpg","PanquecaCarneM.jpg","PanquecaCarneG.jpg","","","","","","","",0,,,"Carne Vermelha",,,0,,"","",1,0,,True,False,0,0,0,"","QI","","panqueca-de-carne-21584720","","",""
"A","Carne Vermelha",6031252,"LC01","Picadinho",300,"Bife à rolê com macarrão de abobrinha e cenoura ao molho pesto","Este prato é feito com carne vermelha magra e fica marinando em temperos de um dia para o outro. Os pequenos bifes são recheados com cenoura e brócolis e cozidos lentamente no próprio caldo até ficarem macios. Para acompanhar, macarrão de abobrinha e de cenoura levemente cozidos e temperados com molho pesto que leva manjericão e castanhas.","",False,1,0,True,0,0,18.5,0,0,0,,,False,True,"PicadinhodecarneP.jpg","PicadinhodeCarneM.jpg","PicadinhodeCarneG.jpg","","","","","","","",0,,,"Carne Vermelha",,0,0,,"","",1,0,,True,False,0,0,0,"","QI","","picadinho-81963747","","","103238,103242,103244,103243"
"A","Frango",6031794,"LC08300R","",300,"","","",False,1,0,True,0,0,16.5,0,0,0,,,False,False,"","","","157623","87131","","","","","",0,6031790,,"",,,0,,"","",1,0,,True,False,0,0,0,"","","","panqueca-de-frango-12766666","","","103241,103242,103244"
"A","Frango",6031795,"LC08300S","",300,"","","",False,1,0,True,0,0,16.5,0,0,0,,,False,False,"","","","157624","87131","","","","","",0,6031790,,"",,,0,,"","",1,0,,True,False,0,0,0,"","","","panqueca-de-frango-73124331","","","103241,103242,103244"
"A","Frango",6031797,"LC08400R","",400,"","","",False,1,0,True,0,0,18,0,0,0,,,False,False,"","","","157623","87132","","","","","",0,6031790,,"",,,0,,"","",1,0,,True,False,0,0,0,"","","","panqueca-de-frango-81202334","","","103241,103242,103244"
"A","Frango",6031798,"LC08400S","",400,"","","",False,1,0,True,0,0,18,0,0,0,,,False,False,"","","","157624","87132","","","","","",0,6031790,,"",,,0,,"","",1,0,,True,False,0,0,0,"","","","panqueca-de-frango-6632632","","","103241,103242,103244"
"A","Frango",6031804,"LC09300R","",300,"","","",False,1,0,True,0,0,17.5,0,0,0,,,False,False,"","","","157623","87131","","","","","",0,6031803,,"",,,0,,"","",1,0,,True,False,0,0,0,"","","","estrogonofe-de-frango-10285587","","","103241,103242,103244"
"A","Frango",6031805,"LC09300S","",300,"","","",False,1,0,True,0,0,17.5,0,0,0,,,False,False,"","","","157624","87131","","","","","",0,6031803,,"",,,0,,"","",1,0,,True,False,0,0,0,"","","","estrogonofe-de-frango-4383487","","","103241,103242,103244"
"A","Frango",6031806,"LC09400R","",400,"","","",False,1,0,True,0,0,19.5,0,0,0,,,False,False,"","","","157623","87132","","","","","",0,6031803,,"",,,0,,"","",1,0,,True,False,0,0,0,"","","","estrogonofe-de-frango-36390323","","","103241,103242,103244"
"A","Frango",6031807,"LC09400S","",400,"","","",False,1,0,True,0,0,19.5,0,0,0,,,False,False,"","","","157624","87132","","","","","",0,6031803,,"",,,0,,"","",1,0,,True,False,0,0,0,"","","","estrogonofe-de-frango-95647829","","","103241,103242,103244"
"A","Frango",6031813,"LC10300R","",300,"","","",False,1,0,True,0,0,17.5,0,0,0,,,False,False,"","","","157623","87131","","","","","",0,6031812,,"",,,0,,"","",1,0,,True,False,0,0,0,"","","","file-de-frango-19956607","","","103241,103242,103244,103243"
"A","Frango",6031814,"LC10300S","",300,"","","",False,1,0,True,0,0,17.5,0,0,0,,,False,False,"","","","157624","87131","","","","","",0,6031812,,"",,,0,,"","",1,0,,True,False,0,0,0,"","","","file-de-frango-38894290","","","103241,103242,103244,103243"
"A","Frango",6031816,"LC10400R","",400,"","","",False,1,0,True,0,0,19.5,0,0,0,,,False,False,"","","","157623","87132","","","","","",0,6031812,,"",,,0,,"","",1,0,,True,False,0,0,0,"","","","file-de-frango-82925051","","","103241,103242,103244,103243"
"A","Frango",6031874,"LC10400S","",400,"","","",False,1,0,True,0,0,19.5,0,0,0,,,False,False,"","","","157624","87132","","","","","",0,6031812,,"",,,0,,"","",1,0,,True,False,0,0,0,"","","","file-de-frango-14179629","","","103241,103242,103244,103243"
"A","Frango",6031876,"LC11300R","",300,"","","",False,1,0,True,0,0,17,0,0,0,,,False,False,"","","","157623","87131","","","","","",0,6031875,,"",,,0,,"","",1,0,,True,False,0,0,0,"","","","frango-desfiado-32659549","","","103241,103242,103244,103243"
"A","Frango",6031878,"LC11300S","",300,"","","",False,1,0,True,0,0,17,0,0,0,,,False,False,"","","","157624","87131","","","","","",0,6031875,,"",,,0,,"","",1,0,,True,False,0,0,0,"","","","frango-desfiado-3374881","","","103241,103242,103244,103243"
"A","Frango",6031879,"LC11400R","",400,"","","",False,1,0,True,0,0,19,0,0,0,,,False,False,"","","","157623","87132","","","","","",0,6031875,,"",,,0,,"","",1,0,,True,False,0,0,0,"","","","frango-desfiado-92693728","","","103241,103242,103244,103243"
"A","Frango",6031880,"LC11400S","",400,"","","",False,1,0,True,0,0,19,0,0,0,,,False,False,"","","","157624","87132","","","","","",0,6031875,,"",,,0,,"","",1,0,,True,False,0,0,0,"","","","frango-desfiado-21252078","","","103241,103242,103244,103243"
"A","Frango",6031883,"LC12300R","",300,"","","",False,1,0,True,0,0,17.5,0,0,0,,,False,False,"","","","157623","87131","","","","","",0,6031882,,"",,,0,,"","",1,0,,True,False,0,0,0,"","","","frango-teriaky-50664920","","","103241,103242,103244,103243"
"A","Frango",6031884,"LC12300S","",300,"","","",False,1,0,True,0,0,17.5,0,0,0,,,False,False,"","","","157624","87131","","","","","",0,6031882,,"",,,0,,"","",1,0,,True,False,0,0,0,"","","","frango-teriaky-80268496","","","103241,103242,103244,103243"
"A","Frango",6031887,"LC12400R","",400,"","","",False,1,0,True,0,0,19.5,0,0,0,,,False,False,"","","","157623","87132","","","","","",0,6031882,,"",,,0,,"","",1,0,,True,False,0,0,0,"","","","frango-teriaky-45611209","","","103241,103242,103244,103243"
"A","Frango",6031888,"LC12400S","",400,"","","",False,1,0,True,0,0,19.5,0,0,0,,,False,False,"","","","157624","87132","","","","","",0,6031882,,"",,,0,,"","",1,0,,True,False,0,0,0,"","","","frango-teriaky-73496645","","","103241,103242,103244,103243"
"A","Frango",6031892,"LC13300R","",300,"","","",False,1,0,True,0,0,16.5,0,0,0,,,False,False,"","","","157623","87131","","","","","",0,6031891,,"",,,0,,"","",1,0,,True,False,0,0,0,"","","","lasanha-de-beringela-com-frango-62264651","","","103241,103242,103244"
"A","Frango",6031893,"LC13300S","",300,"","","",False,1,0,True,0,0,16.5,0,0,0,,,False,False,"","","","157624","87131","","","","","",0,6031891,,"",,,0,,"","",1,0,,True,False,0,0,0,"","","","lasanha-de-beringela-com-frango-36515445","","","103241,103242,103244"
"A","Frango",6031894,"LC13400R","",400,"","","",False,1,0,True,0,0,18,0,0,0,,,False,False,"","","","157623","87132","","","","","",0,6031891,,"",,,0,,"","",1,0,,True,False,0,0,0,"","","","lasanha-de-beringela-com-frango-99169558","","","103241,103242,103244"
"A","Frango",6031896,"LC13400S","",400,"","","",False,1,0,True,0,0,18,0,0,0,,,False,False,"","","","157624","87132","","","","","",0,6031891,,"",,,0,,"","",1,0,,True,False,0,0,0,"","","","lasanha-de-beringela-com-frango-41390628","","","103241,103242,103244"
"A","Frango",6031899,"LC14300R","",300,"","","",False,1,0,True,0,0,17.5,0,0,0,,,False,False,"","","","157623","87131","","","","","",0,6031898,,"",,,0,,"","",1,0,,True,False,0,0,0,"","","","medalhao-de-frango-78246706","","","103241,103242,103244"
"A","Frango",6031900,"LC14300S","",300,"","","",False,1,0,True,0,0,17.5,0,0,0,,,False,False,"","","","157624","87131","","","","","",0,6031898,,"",,,0,,"","",1,0,,True,False,0,0,0,"","","","medalhao-de-frango-37891787","","","103241,103242,103244"
"A","Frango",6031901,"LC14400R","",400,"","","",False,1,0,True,0,0,19.5,0,0,0,,,False,False,"","","","157623","87132","","","","","",0,6031898,,"",,,0,,"","",1,0,,True,False,0,0,0,"","","","medalhao-de-frango-86004275","","","103241,103242,103244"
"A","Frango",6031903,"LC14400S","",400,"","","",False,1,0,True,0,0,19.5,0,0,0,,,False,False,"","","","157624","87132","","","","","",0,6031898,,"",,,0,,"","",1,0,,True,False,0,0,0,"","","","medalhao-de-frango-29650516","","","103241,103242,103244"
"A","Frango",6031907,"LC15300R","",300,"","","",False,1,0,True,0,0,17,0,0,0,,,False,False,"","","","157623","87131","","","","","",0,6031904,,"",,,0,,"","",1,0,,True,False,0,0,0,"","","","mini-polpetone-de-frango-89902895","","","103241,103242,103244,103243"
"A","Frango",6031910,"LC15300S","",300,"","","",False,1,0,True,0,0,17,0,0,0,,,False,False,"","","","157624","87131","","","","","",0,6031904,,"",,,0,,"","",1,0,,True,False,0,0,0,"","","","mini-polpetone-de-frango-49706668","","","103241,103242,103244,103243"
"A","Frango",6031912,"LC15400R","",400,"","","",False,1,0,True,0,0,19,0,0,0,,,False,False,"","","","157623","87132","","","","","",0,6031904,,"",,,0,,"","",1,0,,True,False,0,0,0,"","","","mini-polpetone-de-frango-61608523","","","103241,103242,103244,103243"
"A","Frango",6031914,"LC15400S","",400,"","","",False,1,0,True,0,0,19,0,0,0,,,False,False,"","","","157624","87132","","","","","",0,6031904,,"",,,0,,"","",1,0,,True,False,0,0,0,"","","","mini-polpetone-de-frango-54961795","","","103241,103242,103244,103243"
"A","Frango",6031803,"LC09","Estrogonofe de Frango",0,"Estrogonofe de frango com arroz de couve flor e cenoura no vapor","Para esta preparação o frango temperado previamente é cozido no próprio molho de tomate. Acrescentamos creme de castanhas para dar consistência, e adicionamos champignons para finalizar. Para acompanhar, arroz de couve flor e pequenos cubos de cenoura no vapor. O trivial do dia a dia feito de forma saudável e saborosa!","",False,1,0,True,0,0,17.5,0,0,0,,,False,False,"EstrogonofeFrangoP.jpg","EstrogonofeFrangoM.jpg","EstrogonofeFrangoG.jpg","","","","","","","",0,,,"Frango",,,0,,"","",1,0,,True,False,0,0,0,"","QI","","estrogonofe-de-frango-35654849","","",""
"A","Frango",6031812,"LC10","Filé de Frango",0,"Filé de frango em tiras com chimichurri, brócolis picadinho e caponata de berinjela","Filé de frango em tiras, grelhado e temperado com chimichurri, acompanhado de brócolis no vapor temperado com azeite, alho e caponata de berinjela com um toque de pimenta biquinho. Um prato leve e de sabor exótico.","",False,1,0,True,0,0,17.5,0,0,0,,,False,True,"FileFrangoP.jpg","FileFrangoM.jpg","FileFrangoG.jpg","","","","","","","",0,,,"Frango",,,0,,"","",1,0,,True,False,0,0,0,"","QI","","file-de-frango-56039065","","","103241,103242,103244,103243"
"A","Frango",6031882,"LC12","Frango Agridoce",0,"Frango em cubos com pimentões coloridos, molho agridoce e quinoa com salsinha e cebolinha","Pequenos cubos de frango refogados com cebola e pimentões vermelho e amarelo, finalizados com molho teriaky natural. Para acompanhar quinoa cozida com salsinha e cebolinha. O sabor do molho agridoce é um convite ao frango tenro e ao contraste do sabor dos pimentões.","",False,1,0,True,0,0,17.5,0,0,0,,,False,True,"FrangoTeriakyP.jpg","FrangoTeriakyM.jpg","FrangoTeriakyG.jpg","","","","","","","",0,,,"Frango",,,0,,"","",1,0,,True,False,0,0,0,"","QI","","frango-teriaky-99903506","","",""
"A","Frango",6031875,"LC11","Frango Desfiado",0,"Macarrão de abobrinha com frango desfiado, molho de tomate e tomate assado","A abobrinha imita o macarrão, depois de cortada é levemente refogada para ser incorporada ao frango desfiado com molho de tomate e biomassa. Para acompanhar, tomate assado com manjericão. O clássico macarrão reinventado na versão low carb!","",False,1,0,True,0,0,17,0,0,0,,,False,False,"FrangoDesfiadoP.jpg","FrangoDesfiadoM.jpg","FrangoDesfiadoG.jpg","","","","","","","",0,,,"Frango",,,0,,"","",0,0,,True,False,0,0,0,"","QI","","frango-desfiado-66904849","","",""
"A","Frango",6031898,"LC14","Frango Supreme",0,"Filé de frango empanado e recheados com bacon, abobinha e queijo. Acompanha abobrinha e cenoura com molho de queijo.","Os filés de frango são transformados em bifes fininhos e recheados com bacon, abobrinha e queijo. Depois são empanados com ovos e farinha de linhaça e farinha de quinoa. Assados em forno combinado, acompanham abobrinha e cenoura cobertas com delicioso molho de queijo.","",False,1,0,True,0,0,17.5,0,0,0,,,False,True,"FrangoSupremeP.jpg","FrangoSupremeM.jpg","FrangoSupremeG.jpg","","","","","","","",0,,,"Frango",,,0,,"","",1,0,,True,False,0,0,0,"","QI","","medalhao-de-frango-37505740","","",""
"A","Frango",6031891,"LC13","Lasanha de Beringela com Frango",0,"Lasanha de berinjela grelhada com frango desfiado, molho de tomate e mussarella","Este prato é elaborado com finas fatias de abobrinha e tomate grelhadas, intercaladas com carne desfiada, queijo mussarella e molho branco, sendo finalizado com um toque de orégano. Uma forma incrível de matar aquela vontade de comer lasanha!","",False,1,0,True,0,0,16.5,0,0,0,,,True,False,"LasanhaBerinjelaP.jpg","LasanhaBerinjelaM.jpg","LasanhaBerinjelaG.jpg","","","","","","","",0,,,"Frango",,,0,,"","",1,0,,True,False,0,0,0,"","QI","","lasanha-de-beringela-com-frango-79505557","","",""
"A","Frango",6031904,"LC15","Mini Polpetone de Frango",0,"Mini polpetones de frango com molho de  tomate acebolado, purê de abóbora com gengibre e chuchu refogado","Os filés de frango são a base para estes deliciosos mini polpetones suavemente temperados, assados e cobertos com o saudável molho de tomate com biomassa de banana verde acebolado. Acompanhados de purê de abóbora temperado com gengibre e chuchu refogado e temperados com pimenta do reino.","",False,1,0,True,0,0,17,0,0,0,,,True,False,"MiniPolpetoneFrangoP.jpg","MiniPolpetoneFrangoM.jpg","MiniPolpetoneFrangoG.jpg","","","","","","","",0,,,"Frango",,,0,,"","",1,0,,True,False,0,0,0,"","QI","","mini-polpetone-de-frango-64019412","","",""
"A","Frango",6031790,"LC08","Panqueca de Frango",0,"Panqueca de massa verde com frango desfiado, brócolis, molho de tomate e queijo mussarella","A massa da panqueca é low carb, feita com o mínimo de goma de tapioca, ovos e espinafre. No recheio, filé de frango desfiado com brócolis picadinho e molho de tomate com biomassa de banana verde. Para finalizar, molho de tomate, queijo mussarella e orégano. Massa leve e fininha, com muito recheio.","",False,1,0,True,0,0,16.5,0,0,0,,,False,True,"PanquecaFrangoP.jpg","PanquecaFrangoM.jpg","PanquecaFrangoG.jpg","","","","","","","",0,,,"Frango",,,0,,"","",1,0,,True,False,0,0,0,"","QI","","panqueca-de-frango-85563296","","",""
"A","Peixes e Crustáceos",6031918,"LC16300R","",300,"","","",False,1,0,True,0,0,20,0,0,0,,,False,False,"","","","157623","87131","","","","","",0,6031916,,"",,,0,,"","",1,0,,True,False,0,0,0,"","","","file-de-tilapia-ensopado-68403262","","","103240,103242,103244,103243"
"A","Peixes e Crustáceos",6031920,"LC16300S","",300,"","","",False,1,0,True,0,0,20,0,0,0,,,False,False,"","","","157624","87131","","","","","",0,6031916,,"",,,0,,"","",1,0,,True,False,0,0,0,"","","","file-de-tilapia-ensopado-45536441","","","103240,103242,103244,103243"
"A","Peixes e Crustáceos",6031924,"LC16400R","",400,"","","",False,1,0,True,0,0,22,0,0,0,,,False,False,"","","","157623","87132","","","","","",0,6031916,,"",,,0,,"","",1,0,,True,False,0,0,0,"","","","file-de-tilapia-ensopado-41859073","","","103240,103242,103244,103243"
"A","Peixes e Crustáceos",6031925,"LC16400S","",400,"","","",False,1,0,True,0,0,22,0,0,0,,,False,False,"","","","157624","87132","","","","","",0,6031916,,"",,,0,,"","",1,0,,True,False,0,0,0,"","","","file-de-tilapia-ensopado-57023257","","","103240,103242,103244,103243"
"A","Peixes e Crustáceos",6031931,"LC17300R","",300,"","","",False,1,0,True,0,0,20.5,0,0,0,,,False,False,"","","","157623","87131","","","","","",0,6031929,,"",,,0,,"","",1,0,,True,False,0,0,0,"","","","file-de-tilapia-empanado-19565982","","","103240,103242,103244,103243"
"A","Peixes e Crustáceos",6031932,"LC17300S","",300,"","","",False,1,0,True,0,0,20.5,0,0,0,,,False,False,"","","","157624","87131","","","","","",0,6031929,,"",,,0,,"","",1,0,,True,False,0,0,0,"","","","file-de-tilapia-empanado-23145694","","","103240,103242,103244,103243"
"A","Peixes e Crustáceos",6031934,"LC17400R","",400,"","","",False,1,0,True,0,0,22.5,0,0,0,,,False,False,"","","","157623","87132","","","","","",0,6031929,,"",,,0,,"","",1,0,,True,False,0,0,0,"","","","file-de-tilapia-empanado-20545596","","","103240,103242,103244,103243"
"A","Peixes e Crustáceos",6031935,"LC17400S","",400,"","","",False,1,0,True,0,0,22.5,0,0,0,,,False,False,"","","","157624","87132","","","","","",0,6031929,,"",,,0,,"","",1,0,,True,False,0,0,0,"","","","file-de-tilapia-empanado-84257143","","","103240,103242,103244,103243"
"A","Peixes e Crustáceos",6031939,"LC18300R","",300,"","","",False,1,0,True,0,0,20,0,0,0,,,False,False,"","","","157623","87131","","","","","",0,6031937,,"",,,0,,"","",1,0,,True,False,0,0,0,"","","","file-de-tilapia-assado-82381838","","","103240,103242,103244,103243"
"A","Peixes e Crustáceos",6031940,"LC18300S","",300,"","","",False,1,0,True,0,0,20,0,0,0,,,False,False,"","","","157624","87131","","","","","",0,6031937,,"",,,0,,"","",1,0,,True,False,0,0,0,"","","","file-de-tilapia-assado-18320865","","","103240,103242,103244,103243"
"A","Peixes e Crustáceos",6031941,"LC18400R","",400,"","","",False,1,0,True,0,0,22,0,0,0,,,False,False,"","","","157623","87132","","","","","",0,6031937,,"",,,0,,"","",1,0,,True,False,0,0,0,"","","","file-de-tilapia-assado-36387271","","","103240,103242,103244,103243"
"A","Peixes e Crustáceos",6031942,"LC18400S","",400,"","","",False,1,0,True,0,0,22,0,0,0,,,False,False,"","","","157624","87132","","","","","",0,6031937,,"",,,0,,"","",1,0,,True,False,0,0,0,"","","","file-de-tilapia-assado-39452762","","","103240,103242,103244,103243"
"A","Peixes e Crustáceos",6031945,"LC19300R","",300,"","","",False,1,0,True,0,0,20.5,0,0,0,,,False,False,"","","","157623","87131","","","","","",0,6031944,,"",,,0,,"","",1,0,,True,False,0,0,0,"","","","bobo-de-tilapia-26842898","","","103240,103242,103244,103243"
"A","Peixes e Crustáceos",6031946,"LC19300S","",300,"","","",False,1,0,True,0,0,20.5,0,0,0,,,False,False,"","","","157624","87131","","","","","",0,6031944,,"",,,0,,"","",1,0,,True,False,0,0,0,"","","","bobo-de-tilapia-25208682","","","103240,103242,103244,103243"
"A","Peixes e Crustáceos",6031947,"LC19400R","",400,"","","",False,1,0,True,0,0,22.5,0,0,0,,,False,False,"","","","157623","87132","","","","","",0,6031944,,"",,,0,,"","",1,0,,True,False,0,0,0,"","","","bobo-de-tilapia-69559878","","","103240,103242,103244,103243"
"A","Peixes e Crustáceos",6031948,"LC19400S","",400,"","","",False,1,0,True,0,0,22.5,0,0,0,,,False,False,"","","","157624","87132","","","","","",0,6031944,,"",,,0,,"","",1,0,,True,False,0,0,0,"","","","bobo-de-tilapia-75574893","","","103240,103242,103244,103243"
"A","Peixes e Crustáceos",6031952,"LC20300R","",300,"","","",False,1,0,True,0,0,20,0,0,0,,,False,False,"","","","157623","87131","","","","","",0,6031951,,"",,,0,,"","",1,0,,True,False,0,0,0,"","","","file-de-tilapia-grelhado-92445010","","","103240,103242,103244,103243"
"A","Peixes e Crustáceos",6031953,"LC20300S","",300,"","","",False,1,0,True,0,0,20,0,0,0,,,False,False,"","","","157624","87131","","","","","",0,6031951,,"",,,0,,"","",1,0,,True,False,0,0,0,"","","","file-de-tilapia-grelhado-50352114","","","103240,103242,103244,103243"
"A","Peixes e Crustáceos",6031955,"LC20400R","",400,"","","",False,1,0,True,0,0,22,0,0,0,,,False,False,"","","","157623","87132","","","","","",0,6031951,,"",,,0,,"","",1,0,,True,False,0,0,0,"","","","file-de-tilapia-grelhado-23870486","","","103240,103242,103244,103243"
"A","Peixes e Crustáceos",6031956,"LC20400S","",400,"","","",False,1,0,True,0,0,22,0,0,0,,,False,False,"","","","157624","87132","","","","","",0,6031951,,"",,,0,,"","",1,0,,True,False,0,0,0,"","","","file-de-tilapia-grelhado-76916140","","","103240,103242,103244,103243"
"A","Peixes e Crustáceos",6031965,"LC21300R","",300,"","","",False,1,0,True,0,0,25,0,0,0,,,False,False,"","","","157623","87131","","","","","",0,6031962,,"",,,0,,"","",1,0,,True,False,0,0,0,"","","","camarao-refogado-23664493","","","103239,103242,103244,103243"
"A","Peixes e Crustáceos",6031966,"LC21300S","",300,"","","",False,1,0,True,0,0,25,0,0,0,,,False,False,"","","","157624","87131","","","","","",0,6031962,,"",,,0,,"","",1,0,,True,False,0,0,0,"","","","camarao-refogado-2915591","","","103239,103242,103244,103243"
"A","Peixes e Crustáceos",6031968,"LC21400R","",400,"","","",False,1,0,True,0,0,27.5,0,0,0,,,False,False,"","","","157623","87132","","","","","",0,6031962,,"",,,0,,"","",1,0,,True,False,0,0,0,"","","","camarao-refogado-57813662","","","103239,103242,103244,103243"
"A","Peixes e Crustáceos",6031969,"LC21400S","",400,"","","",False,1,0,True,0,0,27.5,0,0,0,,,False,False,"","","","157624","87132","","","","","",0,6031962,,"",,,0,,"","",1,0,,True,False,0,0,0,"","","","camarao-refogado-7537479","","","103239,103242,103244,103243"
"A","Peixes e Crustáceos",6031977,"LC22300R","",300,"","","",False,1,0,True,0,0,24.5,0,0,0,,,False,False,"","","","157623","87131","","","","","",0,6031976,,"",,,0,,"","",1,0,,True,False,0,0,0,"","","","camarao-ao-curry-35326785","","","103240,103242,103244,103243"
"A","Peixes e Crustáceos",6031978,"LC22300S","",300,"","","",False,1,0,True,0,0,24.5,0,0,0,,,False,False,"","","","157624","87131","","","","","",0,6031976,,"",,,0,,"","",1,0,,True,False,0,0,0,"","","","camarao-ao-curry-55701846","","","103239,103242,103244,103243"
"A","Peixes e Crustáceos",6031979,"LC22400R","",400,"","","",False,1,0,True,0,0,27,0,0,0,,,False,False,"","","","157623","87132","","","","","",0,6031976,,"",,,0,,"","",1,0,,True,False,0,0,0,"","","","camarao-ao-curry-81464785","","","103239,103242,103244,103243"
"A","Peixes e Crustáceos",6031980,"LC22400S","",400,"","","",False,1,0,True,0,0,27,0,0,0,,,False,False,"","","","157624","87132","","","","","",0,6031976,,"",,,0,,"","",1,0,,True,False,0,0,0,"","","","camarao-ao-curry-60743350","","","103239,103242,103244,103243"
"A","Peixes e Crustáceos",6031983,"LC23300R","",300,"","","",False,1,0,True,0,0,25,0,0,0,,,False,False,"","","","157623","87131","","","","","",0,6031981,,"",,,0,,"","",1,0,,True,False,0,0,0,"","","","camarao-empanado-85314577","","","103239,103242,103244,103243"
"A","Peixes e Crustáceos",6031987,"LC23300S","",300,"","","",False,1,0,True,0,0,25,0,0,0,,,False,False,"","","","157624","87131","","","","","",0,6031981,,"",,,0,,"","",1,0,,True,False,0,0,0,"","","","camarao-empanado-53777713","","","103239,103242,103244,103243"
"A","Peixes e Crustáceos",6031988,"LC23400R","",400,"","","",False,1,0,True,0,0,27.5,0,0,0,,,False,False,"","","","157623","87132","","","","","",0,6031981,,"",,,0,,"","",1,0,,True,False,0,0,0,"","","","camarao-empanado-34414309","","","103239,103242,103244,103243"
"A","Peixes e Crustáceos",6031990,"LC23400S","",400,"","","",False,1,0,True,0,0,27.5,0,0,0,,,False,False,"","","","157624","87132","","","","","",0,6031981,,"",,,0,,"","",1,0,,True,False,0,0,0,"","","","camarao-empanado-76096743","","","103239,103242,103244,103243"
"A","Peixes e Crustáceos",6050507,"LC24300R","",300,"","","",False,1,0,True,0,0,25,0,0,0,,,False,False,"","","","157623","87131","","","","","",0,6050506,,"",,,0,,"","",1,0,,True,False,0,0,0,"","","","camarao-gratinado-72370547","","","103239,103242,103244"
"A","Peixes e Crustáceos",6050508,"LC24300S","",300,"","","",False,1,0,True,0,0,25,0,0,0,,,False,False,"","","","157624","87131","","","","","",0,6050506,,"",,,0,,"","",1,0,,True,False,0,0,0,"","","","camarao-gratinado-12762088","","","103239,103242,103244"
"A","Peixes e Crustáceos",6050510,"LC24400R","",400,"","","",False,1,0,True,0,0,27.5,0,0,0,,,False,False,"","","","157623","87132","","","","","",0,6050506,,"",,,0,,"","",1,0,,True,False,0,0,0,"","","","camarao-gratinado-61750430","","","103239,103242,103244"
"A","Peixes e Crustáceos",6050511,"LC24400S","",400,"","","",False,1,0,True,0,0,27.5,0,0,0,,,False,False,"","","","157624","87132","","","","","",0,6050506,,"",,,0,,"","",1,0,,True,False,0,0,0,"","","","camarao-gratinado-70936221","","","103239,103242,103244"
"A","Peixes e Crustáceos",6031944,"LC19","Bobó de Tilápia",0,"Bobó de tilápia com abóbora, pimentões, cebola, tomate, leite de coco e cheiro verde","O bobó de tilápia é cozido com rodelas de cebola, pimentões amarelo e vermelho, tomate, leite de coco e purê de abóbora. Para finalizar, cheiro verde e pimenta biquinho. Uma versão leve e low carb com sabores bem brasileiros.","",False,1,0,True,0,0,20.5,0,0,0,,,False,True,"BoboTilapiaP.jpg","BoboTilapiaM.jpg","BoboTilapiaG.jpg","","","","","","","",0,,,"Peixes e Crustáceos",,,0,,"","",1,0,,True,False,0,0,0,"","QI","","bobo-de-tilapia-77712649","","",""
"A","Peixes e Crustáceos",6031976,"LC22","Camarão ao Curry",0,"Camarão ensopado com cebola, tomate, cenoura e curry","Essa ""caldeirada"" leva camarões médios previamente temperados, intercalados com rodelas de cebola, tomate e cenoura. Os ingredientes são cozidos no vapor do leite de coco natural e temperados com curry. Um toque indiano no nosso cardápio.","",False,1,0,False,0,0,24.5,0,0,0,,,False,False,"semfoto.png","","","","","","","","","",0,,,"Peixes e Crustáceos",,,0,,"","",1,0,,True,False,0,0,0,"","QI","","camarao-ao-curry-52741641","","",""
"A","Peixes e Crustáceos",6031981,"LC23","Camarão Empanado",0,"Camarão empanado com abobrinha gratinada e abóbora cozida","Camarões médios empanados na farinha de oleaginosas e linhaça, assados. Acompanha abobrinha gratinada com queijo mussarella e cubos de abóbora cozida temperada com noz moscada","",False,1,0,False,0,0,25,0,0,0,,,False,False,"semfoto.png","","","","","","","","","",0,,,"Peixes e Crustáceos",,,0,,"","",1,0,,True,False,0,0,0,"","QI","","camarao-empanado-86179751","","",""
"A","Peixes e Crustáceos",6050506,"LC24","Camarão Gratinado",0,"Camarão com creme de palmito gratinado e torre de abobrinha com queijo mussarella","Camarões médios temperados em marinada, refogados com azeite e alho, cobertos com aveludado creme de palmito. Acompanha torre de abobrinha com rodelas de tomate, finalizado com queijo mussarella e manjericão.","",False,1,0,False,0,0,25,0,0,0,,,True,False,"semfoto.png","","","","","","","","","",0,,,"Peixes e Crustáceos",,,0,,"","",1,0,,True,False,0,0,0,"","QI","","camarao-gratinado-38373965","","","103239,103242,103244"
"A","Peixes e Crustáceos",6031962,"LC21","Camarão Refogado",0,"Camarão refogado com cenoura e brócolis no vapor","Camarões médios refogados com pimenta do reino e salsinha servidos com cenoura e brócolis no vapor, com azeite de ervas.","",False,1,0,False,0,0,25,0,0,0,,,False,False,"semfoto.png","","","","","","","","","",0,,,"Peixes e Crustáceos",,,0,,"","",1,0,,True,False,0,0,0,"","QI","","camarao-refogado-24767703","","",""
"A","Peixes e Crustáceos",6031937,"LC18","Filé de Tilápia Assado",0,"Filé de tilápia assado com espinafre refogado e cenoura","O filé de tilápia assado recebe azeite e ervas finas. Servido com pedaços de espinafre refogado com alho e cenoura no vapor.","",False,1,0,True,0,0,20,0,0,0,,,False,True,"TilapiaAssadaP.jpg","TilapiaAssadaM.jpg","TilapiaAssadaG.jpg","","","","","","","",0,,,"Peixes e Crustáceos",,,0,,"","",1,0,,True,False,0,0,0,"","QI","","file-de-tilapia-assado-99747866","","",""
"A","Peixes e Crustáceos",6031929,"LC17","Filé de Tilápia Empanado",0,"Filé de tilápia empanado com farinha de linhaça, abobrinha grelhada e purê de banana da terra","Este filé de tilápia é empanado com farinha de quinoa e linhaça. Assado em forno combinado, é servido com abobrinha grelhada em rodelas com queijo mussarella e purê de banana com limão e canela. Uma surpresa de combinações bem brasileiras.","",False,1,0,True,0,0,20.5,0,0,0,,,False,False,"TilapiaEmpanadaP.jpg","TilapiaEmpanadaM.jpg","TilapiaEmpanadaG.jpg","","","","","","","",0,,,"Peixes e Crustáceos",,,0,,"","",1,0,,True,False,0,0,0,"","QI","","file-de-tilapia-empanado-72153872","","",""
"A","Peixes e Crustáceos",6031916,"LC16","Filé de Tilápia Ensopado",0,"Filé de tilápia ensopado com leite de coco, cenoura, tomate e cebola em gomos","Essa ""caldeirada"" leva filés de tilápia previamente temperados, intercalados com rodelas de cebola, tomate e cenoura. Os ingredientes são cozidos no vapor do leite de coco natual, e temperados com açafrão da terra. Sabor exótico e incrível.","",False,1,0,True,0,0,20,0,0,0,,,True,False,"TilapiaEnsopadaP.jpg","TilapiaEnsopadaM.jpg","TilapiaEnsopadaG.jpg","","","","","","","",0,,,"Peixes e Crustáceos",,,0,,"","",1,0,,True,False,0,0,0,"","QI","","file-de-tilapia-ensopado-19526309","","",""
"A","Peixes e Crustáceos",6031951,"LC20","Filé de Tilápia Grelhado",0,"Filé de tilápia grelhado ao molho branco, arrroz de couve flor e farofa de quinoa com cenoura e brócolis","Filés de tilápia grelhados coberto com molho branco, servidos com arroz de couve flor e farofa de quinoa, cenoura e brócolis picados  com salsinha e cebolinha. Simples, nutritivo e saboroso!","",False,1,0,True,0,0,20,0,0,0,,,False,True,"TilapiaGrelhadaP.jpg","TilapiaGrelhadaM.jpg","TilapiaGrelhadaG.jpg","","","","","","","",0,,,"Peixes e Crustáceos",,,0,,"","",1,0,,True,False,0,0,0,"","QI","","file-de-tilapia-grelhado-28294009","","",""
"A","Todas as Categorias",6090506,"CPE","Comer para Emagrecer",0,"Programa #Comer para Emagrecer: Health Coaching com Thaynara Oliveira, e-book com 20 receitas e 40! refeições incluídas.","Um método único e definitivo de emagrecimento saudável. 
Ao adquirir este método você receberá: 20 refeições low carb para almoço com 400 gramas + 20 refeições para o jantar com 300 gramas + acompanhamento por 30 dias com a Healthcoaching Thaynara Oliveira + e-book com 20 receitas de lanches e refeições intermediárias super fáceis e práticas.

Após a aquisição, nossa equipe de vendas irá entrar em contato para que você escolha suas refeições e também para combinar a entrega, sem nenhum custo adicional.

Conheça algumas destas refeições no nosso cardápio do site!","",False,1,0,True,0,0,3270,970,0,0,13/06/2018,31/07/2018,True,True,"ComerParaEmagrecerP.jpg","ComerParaEmagrecerG.jpg","ComerParaEmagrecerG.jpg","","","","","","","",255,,,"295351,295352,295353,295354",,,0,,"","",3,0,,True,False,0,0,0,"","","","comer-para-emagrecer-59818667","","","103239,107252,103238,103241,103240,103242,103244,103243,106541"
